PDB,MUTATION,DRUG,DDG.EXP,Qvina_PYM_Score,Qvina_FOLDX_Score,DDG_Rosetta,DDG_GBR,ChangeExp,Change_Qvina_PYM,Change_Qvina_FOLDX,ChangeRosetta,Change_GBR,Change_RFC
3UM8,A16C,1CY,0.07,0,-0.7,2.20993069207248,n/a,0,0,1,1,n/a,n/a
3QGT,A16C,CP6,0.17,0.1,0.1,1.130828723484,n/a,0,0,0,0,n/a,n/a
3UM8,A16G,1CY,0.732,-0.1,-0.1,0.725022552310747,n/a,0,0,0,0,n/a,n/a
3QGT,A16G,CP6,0.502,-0.1,-0.1,0.456843516465369,n/a,0,0,0,0,n/a,n/a
3UM8,A16S,1CY,2.615,-0.399999999999999,0.1,1.05330264130885,n/a,1,1,0,0,n/a,n/a
3QGT,A16S,CP6,1.775,0.199999999999999,-0.1,0.81004203124462,n/a,1,1,0,0,n/a,n/a
1OGZ,A39G,EQU,-0.143,0,-0.5,-0.064255035349675,n/a,0,0,1,0,n/a,n/a
3DT4,A467G,OXL,-4.914,-0.100000000000001,-0.1,0.291767078314933,n/a,1,1,1,0,n/a,n/a
3DTB,A467G,PGA,1.019,-0.100000000000001,0,0.040498421387156,n/a,0,1,0,0,n/a,n/a
1CNQ,A54L,F6P,-0.145,0,0,n/a,n/a,0,0,0,n/a,n/a,n/a
1AKV,A95E,FMN,-0.812,0.199999999999999,0.4,n/a,n/a,0,1,1,n/a,n/a,n/a
1AKV,A95N,FMN,-0.288,0.199999999999999,-0.800000000000001,0.30411924770749,n/a,0,1,1,0,n/a,n/a
1AKV,A95N,FMN,-0.288,0.199999999999999,-0.800000000000001,0.30411924770749,n/a,0,1,1,0,n/a,n/a
1AKV,A95N,FMN,-0.377,0.199999999999999,-0.800000000000001,0.30411924770749,n/a,0,1,1,0,n/a,n/a
1AKV,A95N,FMN,-0.377,0.199999999999999,-0.800000000000001,0.30411924770749,n/a,0,1,1,0,n/a,n/a
1NJB,C229A,UMP,0.036,-0.2,-0.1,0.140842598025756,n/a,0,1,1,0,n/a,n/a
1NJB,C229E,UMP,0.713,-0.2,-0.5,-0.090544883682242,n/a,0,1,1,0,n/a,n/a
1NJB,C229G,UMP,-0.224,-0.2,-0.1,0.162843444785722,n/a,0,1,1,0,n/a,n/a
1NJB,C229I,UMP,1.29,-0.3,0,0.386424447746549,n/a,0,1,0,0,n/a,n/a
1NJB,C229L,UMP,1.517,-0.5,0,-0.072912516727797,n/a,1,1,0,0,n/a,n/a
1NJB,C229M,UMP,1.29,-0.8,-0.8,0.063467927063243,n/a,0,1,1,0,n/a,n/a
1NJB,C229Q,UMP,-0.242,-0.600000000000001,-0.6,0.587907071997847,n/a,0,1,1,0,n/a,n/a
1NJB,C229S,UMP,-0.361,0.3,-0.1,0.926497778073895,n/a,0,1,1,0,n/a,n/a
1NJB,C229T,UMP,1.688,0.3,0.2,0.484374416237415,n/a,1,1,1,0,n/a,n/a
1NJB,C229V,UMP,1.58,-0.100000000000001,0.100000000000001,-0.195431528441986,n/a,1,1,1,0,n/a,n/a
2INZ,C298A,OHP,0.974,0,0,0.441142834750963,n/a,0,0,0,0,n/a,n/a
2INE,C298A,PAC,0.681,-0.1,0.1,0.661557799376965,n/a,0,1,1,0,n/a,n/a
2PDG,C303D,47D,2.399,-2.1,n/a,2.6051564300102,n/a,1,1,n/a,1,n/a,n/a
1PWM,C303D,FID,1.032,0,0.1,0.052744113583572,n/a,0,0,0,0,n/a,n/a
3FQL,C316N,79Z,1.543,-0.1,-0.5,2.19902126921056,0.459952522598533,1,0,1,1,0,1
1IYK,D110A,MIM,1.511,-0.199999999999999,-0.1,1.43250770593181,n/a,1,1,0,1,n/a,n/a
2JBZ,D111A,COA,0.477,-0.1,n/a,0.135213413931012,n/a,0,1,n/a,0,n/a,n/a
2QEH,D111L,SRO,2.798,-0.8,-1.4,-4.82805389684603,1.82819403342075,1,1,1,1,1,1
1IYK,D112A,MIM,2.22,-0.199999999999999,0,2.94869233853069,n/a,1,1,0,1,n/a,n/a
1DF8,D128A,BTN,7.869,-0.4,-0.4,0.956695647855213,n/a,1,1,1,0,n/a,n/a
1L7E,D135N,NAI,-0.004,-0.9,-0.299999999999999,3.385380345822,n/a,0,1,1,1,n/a,n/a
2QEH,D139L,SRO,2.798,0,-0.2,0.145640136665179,1.53184853111242,1,0,1,0,1,1
3OKC,D13A,GDP,0.307,0,0,-0.005860352064701,-0.06663444818627,0,0,0,0,0,0
3OKC,D13N,GDP,-0.393,0,0,-0.045085969952197,-0.19183683149021,0,0,0,0,0,0
1FSG,D150A,PRP,-1.181,0,-0.1,-0.900350871264095,n/a,0,0,0,0,n/a,n/a
1LO8,D17N,4CA,-0.051,0.100000000000001,0,-0.062614082877019,n/a,0,1,0,0,n/a,n/a
1LO7,D17N,4CO,0.143,0,n/a,-2.20255389789122,n/a,0,0,n/a,1,n/a,n/a
1N7J,D267A,IDI,4.398,-0.199999999999999,-0.5,0.254784083795244,n/a,1,1,1,0,n/a,n/a
1N7I,D267A,LY1,2.902,-0.299999999999999,n/a,2.57358524865003,n/a,1,1,n/a,1,n/a,n/a
1YZ3,D267A,SKA,3.832,-0.199999999999999,-0.4,-0.003345038844486,n/a,1,1,1,0,n/a,n/a
1HNN,D267A,SKF,4.676,-0.200000000000001,-0.1,0.252694973271673,n/a,1,1,1,0,n/a,n/a
1IYK,D412A,MIM,2.647,-0.6,-0.1,-0.293056835979996,n/a,1,1,0,0,n/a,n/a
1KC7,D620N,PPR,-1.605,0,0,0.142012110592532,0.580356512968157,1,0,0,0,0,0
3G0E,D816H,B49,0.056,0.100000000000001,0,-0.011711996054487,0.599556534011046,0,0,0,0,0,0
3G0E,D816V,B49,-0.255,0.100000000000001,0,-0.050552306417558,0.978601869072532,0,0,0,0,0,0
3AQT,D94A,RCO,1.759,-0.1,-0.100000000000001,-0.28883695859588,n/a,1,1,1,0,n/a,n/a
2QEH,E114L,SRO,4.791,-0.100000000000001,0,-3.12545816270881,1.84722328509668,1,0,0,1,1,1
2Q88,E134A,4CS,-0.17,-0.2,0.6,0.625391062540871,n/a,0,1,1,0,n/a,n/a
1FLM,E13Q,FMN,0.391,0,0,-0.314130483438589,0.073960469450786,0,0,0,0,0,0
1FLM,E13T,FMN,0.649,0,0,0.036250996617639,0.269001660467098,0,0,0,0,0,0
2Q2A,E163Q,ARG,0.798,0,0,0.015673238032264,n/a,0,0,0,0,n/a,n/a
1N7J,E219A,IDI,3.616,0,0.1,-1.19897660785955,n/a,1,0,0,0,n/a,n/a
1N7I,E219A,LY1,3.889,-0.199999999999999,n/a,-0.217347725517129,n/a,1,1,n/a,0,n/a,n/a
1YZ3,E219A,SKA,4.022,-0.200000000000001,0,-0.297022299577407,n/a,1,1,0,0,n/a,n/a
1HNN,E219A,SKF,4.362,-0.200000000000001,0,n/a,n/a,1,1,0,n/a,n/a,n/a
2Q88,E21A,4CS,2.137,-0.600000000000001,-0.3,-3.21706472300013,n/a,1,1,1,1,n/a,n/a
2Q89,E21A,6CS,2.796,-0.5,-0.5,-3.32412404341699,n/a,1,1,1,1,n/a,n/a
3MI3,E222Q,LYS,5.588,-0.3,-0.2,1.41784650285331,n/a,1,1,1,1,n/a,n/a
3OKC,E290D,GDP,1.291,-0.2,-0.2,0.187060631059239,-0.118412265594003,0,1,1,0,0,0
3OKC,E290Q,GDP,0.079,0,0.2,0.15477075859053,0.033605695784743,0,0,1,0,0,0
2Q2A,E35K,ARG,3.343,-0.5,-1.8,1.57573641339445,n/a,1,1,1,1,n/a,n/a
3EIG,E35Q,MTX,-1.747,-2.3,n/a,0.367050459373672,n/a,1,1,n/a,0,n/a,n/a
2CCC,E45A,LFN,-0.338,0,0,0.001204481454323,n/a,0,0,0,0,n/a,n/a
2CC7,E45A,LUM,0.071,0,0,0.003450099867024,n/a,0,0,0,0,n/a,n/a
2CCB,E45A,RBF,0.236,0.1,0,0.177723721499802,n/a,0,1,0,0,n/a,n/a
2CC7,E45F,LUM,0.501,0,0,0.002368657593053,n/a,0,0,0,0,n/a,n/a
2CCB,E45F,RBF,-1.048,0,0,-0.15129893213097,n/a,0,0,0,0,n/a,n/a
2CC7,E45H,LUM,-0.453,0,0,-0.001790809534384,n/a,0,0,0,0,n/a,n/a
2CCB,E45H,RBF,-0.372,0.1,0,0.179317694728951,n/a,0,1,0,0,n/a,n/a
2CC7,E45N,LUM,-0.075,0,0,-0.000738839524644,n/a,0,0,0,0,n/a,n/a
2CCB,E45N,RBF,0.895,0.1,0,0.231740016760682,n/a,0,1,0,0,n/a,n/a
2CC7,E45Q,LUM,-0.65,0,0,n/a,n/a,0,0,0,n/a,n/a,n/a
2CCB,E45Q,RBF,1.076,0.1,0,n/a,n/a,0,1,0,n/a,n/a,n/a
2CCB,E45T,RBF,-2.011,0.1,0,n/a,n/a,1,1,0,n/a,n/a,n/a
1W96,E477R,S1A,1.489,0,-8.3,-0.247642386554162,n/a,1,0,1,0,n/a,n/a
2JBZ,E57A,COA,1.116,0,0,0.515697121888309,n/a,0,0,0,0,n/a,n/a
2V5V,E57K,FMN,0.441,0.1,0,-0.138179898086605,n/a,0,0,0,0,n/a,n/a
2V5V,E57R,FMN,0.404,0.299999999999999,-1.5,0.281990149897922,n/a,0,1,1,0,n/a,n/a
1TSL,E60D,A15,1.089,0,-2.2,0.028127154456456,n/a,0,0,1,0,n/a,n/a
1TSM,E60D,MR2,-0.543,0.2,-0.1,0.067572137559751,n/a,0,1,1,0,n/a,n/a
1AMK,E65Q,PGA,-0.024,0.100000000000001,n/a,-0.169846544208781,0.658829296250079,0,1,n/a,0,0,0
2QEH,E7L,SRO,2.106,-0.4,-0.7,-1.53816236550517,1.84115983641162,1,1,1,1,1,1
1AMW,E88G,ADP,0.076,-0.1,0,-0.099263545235772,n/a,0,0,0,0,n/a,n/a
1A4H,E88G,GDM,-0.113,-0.199999999999999,0.6,0.71712623716121,n/a,0,1,1,0,n/a,n/a
2PDG,F121P,47D,0.528,-0.100000000000001,n/a,-0.047445358125515,n/a,0,0,n/a,0,n/a,n/a
1PWM,F121P,FID,0.288,0,-0.1,-0.029710379243284,n/a,0,0,0,0,n/a,n/a
3AJ5,F179I,NGA,0.322,0.100000000000001,0,-0.137554719638956,n/a,0,1,0,0,n/a,n/a
3AH4,F179I,GAL,0.22,-0.100000000000001,0,n/a,n/a,0,1,0,n/a,n/a,n/a
2Q88,F24A,4CS,-0.123,-0.5,-0.3,-1.84715748086819,n/a,0,1,1,1,n/a,n/a
2Q89,F24A,6CS,-0.132,-0.4,-0.4,-1.91634749830155,n/a,0,1,1,1,n/a,n/a
2Q88,F24D,4CS,0.848,-0.399999999999999,-0.5,-0.795547975857062,n/a,0,1,1,0,n/a,n/a
2Q89,F24D,6CS,0.954,-0.4,-0.6,-0.768981348225225,n/a,0,1,1,0,n/a,n/a
2Q88,F24E,4CS,-0.079,-2.5,-5.1,-1.43705353031999,n/a,0,1,1,1,n/a,n/a
2Q89,F24E,6CS,1.376,-6.7,-4.7,-1.14639484817008,n/a,1,1,1,0,n/a,n/a
3NTY,F311A,5P3,0.33,-0.700000000000001,n/a,1.41580830492001,n/a,0,1,n/a,1,n/a,n/a
3C3U,F311A,C2U,0.066,-0.2,n/a,0.231278179453511,n/a,0,1,n/a,0,n/a,n/a
3NTY,F311L,5P3,-0.007,-0.5,n/a,0.245853748327818,n/a,0,1,n/a,0,n/a,n/a
3C3U,F311L,C2U,0.101,-0.800000000000001,n/a,0.284032978796517,n/a,0,1,n/a,0,n/a,n/a
2VQZ,F323A,MGT,0.282,-0.6,n/a,0.867454500265239,n/a,0,1,n/a,0,n/a,n/a
2VQZ,F325A,MGT,0.509,-0.2,n/a,-0.004096447412167,n/a,0,1,n/a,0,n/a,n/a
1IYK,F339A,MIM,1.17,-0.299999999999999,-0.1,1.40530027100863,n/a,0,1,0,1,n/a,n/a
1WCQ,F370D,DAN,1.218,-0.4,-0.7,1.92367934690355,1.10687844158506,0,1,1,1,0,0
1WCQ,F370E,DAN,0.633,-0.3,-0.6,3.27437162696174,1.11968318469338,0,1,1,1,0,0
2VQZ,F404A,MGT,1.171,0,n/a,3.56611105345968,n/a,0,0,n/a,1,n/a,n/a
1W96,F510I,S1A,0.621,-0.5,1,0.689542734715587,n/a,0,1,1,0,n/a,n/a
3N0H,F64S,TOP,-0.103,-0.300000000000001,n/a,n/a,n/a,0,1,n/a,n/a,n/a,n/a
2Q88,F80D,4CS,1.95,-0.3,-0.5,-1.40634222317362,n/a,1,1,1,1,n/a,n/a
2Q89,F80D,6CS,3.103,-0.3,0.7,-1.35108227111527,n/a,1,1,1,0,n/a,n/a
2Q88,F80E,4CS,0.831,-0.399999999999999,-2.2,n/a,n/a,0,1,1,n/a,n/a,n/a
2Q89,F80E,6CS,2.827,-0.5,-2.4,n/a,n/a,1,1,1,n/a,n/a,n/a
3FRE,F98Y,TOP,3.051,0.1,0.2,n/a,n/a,1,0,1,n/a,n/a,n/a
3OKC,G123P,GDP,0.087,0,0,-0.0077126808917,0.005448890612435,0,0,0,0,0,0
2Q2A,G168R,ARG,0.757,0,0,-0.001077360150248,n/a,0,0,0,0,n/a,n/a
3OKC,G20W,GDP,0.143,0.4,0.5,-1.13804075417329,0.289235916195813,0,1,1,0,0,0
3H2K,G221I,BOG,-1.104,0,0,n/a,n/a,0,0,0,n/a,n/a,n/a
3H2K,G231A,BOG,1.207,0,0,n/a,n/a,0,0,0,n/a,n/a,n/a
3H2K,G231F,BOG,1.92,0,0,n/a,n/a,1,0,0,n/a,n/a,n/a
3H2K,G231I,BOG,1.366,0,0,n/a,n/a,1,0,0,n/a,n/a,n/a
3OKC,G291S,GDP,0.42,0,0,-0.030822688138869,0.001746229663104,0,0,0,0,0,0
2Q2A,G40A,ARG,0.379,0,0,-0.05591696827446,n/a,0,0,0,0,n/a,n/a
1IYK,G413A,MIM,-0.195,-0.799999999999999,-0.399999999999999,0.075537795108403,n/a,0,1,1,0,n/a,n/a
2ITY,G719S,IRE,0.48,0,0,0.137174298798072,0.715556196210359,0,0,0,0,0,0
2JBZ,H110A,COA,0.1,-0.4,-0.3,-0.482977365049521,n/a,0,1,1,0,n/a,n/a
3OKC,H118S,GDP,-0.368,0,0,0.093012752793811,0.041164660190679,0,0,0,0,0,0
3UJB,H132A,SAH,0.257,-0.299999999999999,-0.299999999999999,-0.940531552148172,n/a,0,1,1,0,n/a,n/a
1KDK,H136Q,DHT,0.17,0,0,-0.105882850672344,n/a,0,0,0,0,n/a,n/a
3IJW,H183A,ACO,-1.3,0,n/a,0.199771449727564,n/a,0,0,n/a,0,n/a,n/a
3IJW,H183G,ACO,-1.006,0,n/a,0.289671560044553,n/a,0,0,n/a,0,n/a,n/a
3C3U,H222S,C2U,1.354,0.399999999999999,-0.300000000000001,0.105944177130596,n/a,0,1,1,0,n/a,n/a
1IYK,H227A,MIM,2.007,-0.699999999999999,-0.399999999999999,0.085983439076472,n/a,1,1,1,0,n/a,n/a
4B7J,H275Y,G39,2.998,0,0,0.582631533423978,n/a,1,0,0,0,n/a,n/a
4B7N,H275Y,ZMR,0.513,0,-0.5,0.32666546773396,n/a,0,0,1,0,n/a,n/a
2VQZ,H357A,MGT,0.916,1.3,n/a,-0.881165959426994,n/a,0,1,n/a,0,n/a,n/a
2VQZ,H357W,MGT,-1.184,1.8,n/a,-1.79829155591057,n/a,0,1,n/a,1,n/a,n/a
2QEH,H35L,SRO,-1.883,-0.3,-0.1,-0.740670855348981,1.41608453071565,1,1,0,0,1,1
1EGH,H98N,PGA,0.631,-0.300000000000001,-0.5,0.029779248834188,n/a,0,1,1,0,n/a,n/a
1IYK,I111A,MIM,0.199,0,-0.1,0.322701410540503,n/a,0,0,0,0,n/a,n/a
1K3L,I219A,GTX,1.731,-0.100000000000001,-0.1,0.193432563150623,n/a,1,1,1,0,n/a,n/a
3OKC,I21A,GDP,0.067,0,0,n/a,0.258050459214955,0,0,0,n/a,0,0
3OKC,I21S,GDP,-0.19,0,0,n/a,0.167320986345789,0,0,0,n/a,0,0
1IYK,I352A,MIM,1.17,-0.1,-0.1,-0.216018120928766,n/a,0,0,0,0,n/a,n/a
2ZGA,I50V,YDP,1.955,-0.1,-0.1,0.178940877381592,n/a,1,1,1,0,n/a,n/a
1W96,I69E,S1A,1.945,0,-0.100000000000001,0.515999421367269,n/a,1,0,0,0,n/a,n/a
1KDK,K134A,DHT,0.341,-0.200000000000001,-0.199999999999999,-0.395169764094419,n/a,0,1,1,0,n/a,n/a
2DOR,K136E,ORO,-0.793,0,0,0.056327753985443,n/a,0,0,0,0,n/a,n/a
3OKC,K211Q,GDP,0.059,0,-0.100000000000001,n/a,0.701443302759815,0,0,0,n/a,0,0
2DOR,K213E,ORO,0.826,0.1,0,-1.6878519429099,n/a,0,0,0,1,n/a,n/a
2Q2A,K41E,ARG,0.527,0,0,-0.039900220581785,n/a,0,0,0,0,n/a,n/a
1BF3,K42S,PHB,-0.108,0,0,0.003111186401839,0.440925827540191,0,0,0,0,0,0
1AMW,K44R,ADP,0.229,0,0.1,0.249718094911145,n/a,0,0,1,0,n/a,n/a
1A4H,K44R,GDM,0.245,-0.1,n/a,0.122163921679657,n/a,0,0,n/a,0,n/a,n/a
1TPZ,K48A,GDP,0,0,0,0.024106120063152,-0.269645147781567,0,0,0,0,0,0
1TPZ,K48E,GDP,-0.048,-0.1,0,0.115329312890367,-0.389916649937383,0,0,0,0,0,0
2G72,K57A,F21,-3.06,-0.200000000000001,3.4,-0.530406130555321,n/a,1,1,1,0,n/a,n/a
2G70,K57A,HNT,1.27,0,n/a,n/a,n/a,0,0,n/a,n/a,n/a,n/a
1N7J,K57A,IDI,1.729,-0.3,-0.3,n/a,n/a,1,1,1,n/a,n/a,n/a
1N7I,K57A,LY1,1.792,-0.199999999999999,n/a,n/a,n/a,1,1,n/a,n/a,n/a,n/a
1YZ3,K57A,SKA,1.682,-0.199999999999999,-0.8,n/a,n/a,1,1,1,n/a,n/a,n/a
1HNN,K57A,SKF,2.401,-0.5,-0.5,n/a,n/a,1,1,1,n/a,n/a,n/a
2ONY,K57A,TMJ,-3.013,-0.4,3,-1.06216034158081,n/a,1,1,1,0,n/a,n/a
1W96,K73R,S1A,3.699,-3.8,0.5,-0.738197924438964,n/a,1,1,1,0,n/a,n/a
1AMW,K98N,ADP,0.65,0.100000000000001,-0.2,0.376873107262554,n/a,0,1,1,0,n/a,n/a
1A4H,K98N,GDM,-0.362,-0.299999999999999,-0.3,0.064166410841722,n/a,0,1,1,0,n/a,n/a
1FLM,L122E,FMN,1.697,0,0,-0.000300137743864,0.946494685177921,1,0,0,0,0,0
1FLM,L122K,FMN,0.521,0,0,-0.295103888573067,0.776702880312133,0,0,0,0,0,0
1FLM,L122Y,FMN,-0.659,0,0,-0.714430723262183,1.30387929714592,0,0,0,0,0,0
1KDK,L131G,DHT,1.651,-0.300000000000001,-0.5,0.479442555397839,n/a,1,1,1,0,n/a,n/a
1U72,L22F,MTX,3.009,-1.7,n/a,-0.337915773872794,n/a,1,1,n/a,0,n/a,n/a
1U72,L22R,MTX,4.268,-2.9,n/a,-0.039443094559943,n/a,1,1,n/a,0,n/a,n/a
1U72,L22W,MTX,4.233,-0.699999999999999,n/a,-0.349456867631318,n/a,1,1,n/a,0,n/a,n/a
1U72,L22Y,MTX,4.783,-3.5,n/a,1.30484613231857,n/a,1,1,n/a,0,n/a,n/a
2PDG,L300A,47D,-0.24,-0.299999999999999,n/a,0.513283909744473,n/a,0,1,n/a,0,n/a,n/a
1PWM,L300A,FID,0.456,-0.199999999999999,-0.1,0.01010953465368,n/a,0,1,0,0,n/a,n/a
2IKI,L300P,388,2.615,-5,-5.4,4.61512559975995,n/a,1,1,1,1,n/a,n/a
2PDG,L300P,47D,1.101,-7,n/a,5.52060476978772,n/a,0,1,n/a,1,n/a,n/a
1PWM,L300P,FID,1.871,-0.4,-1,0.848162199295643,n/a,1,1,1,0,n/a,n/a
1PWM,L301M,FID,0.696,0,0.1,0.06723596775521,n/a,0,0,0,0,n/a,n/a
2FZD,L301M,TOL,0.6,0,0,0.014914502664738,n/a,0,0,0,0,n/a,n/a
3NTY,L306A,5P3,2.607,-0.5,4.5,2.15515532597374,n/a,1,1,1,1,n/a,n/a
3C3U,L306A,C2U,2.272,-0.4,-0.800000000000001,2.27833238860308,n/a,1,1,1,1,n/a,n/a
3NTY,L308A,5P3,0.197,-0.4,n/a,1.71963775338395,n/a,0,1,n/a,1,n/a,n/a
3C3U,L308A,C2U,3.649,-0.300000000000001,-0.2,n/a,n/a,1,1,1,n/a,n/a,n/a
3NTY,L308V,5P3,0.404,-0.699999999999999,n/a,n/a,n/a,0,1,n/a,n/a,n/a,n/a
3C3U,L308V,C2U,1.53,-0.600000000000001,0,n/a,n/a,1,1,0,n/a,n/a,n/a
1IYK,L350V,MIM,-0.132,-0.1,0.1,-0.172949670537264,n/a,0,0,0,0,n/a,n/a
3FQL,L419M,79Z,-0.061,0.1,0,0.026052391029452,0.548189798173423,0,0,0,0,0,1
1TPZ,L44R,GDP,-0.069,0,0,-0.151736185700202,-0.203105498614646,0,0,0,0,0,0
1IYK,L451A,MIM,0,-0.1,0,n/a,n/a,0,0,0,n/a,n/a,n/a
1IYK,L451Q,MIM,0.566,0,0,0.28485791302046,n/a,0,0,0,0,n/a,n/a
3NTY,L54V,5P3,1.019,-0.200000000000001,n/a,n/a,n/a,0,1,n/a,n/a,n/a,n/a
3C3U,L54V,C2U,1.581,0.3,-0.2,n/a,n/a,1,1,1,n/a,n/a,n/a
1AMW,L89V,ADP,0.58,0,0.1,0.183022069497497,n/a,0,0,1,0,n/a,n/a
1A4H,L89V,GDM,-0.95,0,1,-0.000645273798796,n/a,0,0,1,0,n/a,n/a
1AMW,L93I,ADP,0.527,0,0,n/a,n/a,0,0,0,n/a,n/a,n/a
1A4H,L93I,GDM,-0.742,-0.1,-0.1,n/a,n/a,0,0,1,n/a,n/a,n/a
1TPZ,M173A,GDP,0,0,0,0.070794551121253,0.027378942607461,0,0,0,0,0,0
3AM3,M372V,TCL,-0.262,0,0,-0.196584016561587,0.202186416678278,0,0,0,0,0,0
3FQL,M414T,79Z,-0.297,-0.699999999999999,-0.800000000000001,0.18693194376533,0.746423180810843,0,1,1,0,0,1
2DOR,N127A,ORO,1.546,-0.300000000000001,-0.5,0.791090699326333,n/a,1,1,1,0,n/a,n/a
3OKC,N12A,GDP,-0.319,0,0,n/a,-0.201067693377555,0,0,0,n/a,0,0
2Q2A,N166C,ARG,0.757,0,0,0.046343069040631,n/a,0,0,0,0,n/a,n/a
1IYK,N175A,MIM,1.41,0.199999999999999,0.300000000000001,-0.245029778753405,n/a,1,1,1,0,n/a,n/a
2DOR,N193A,ORO,3.55,-0.6,-0.4,3.67620679498964,n/a,1,1,1,1,n/a,n/a
2E7F,N199A,C2F,0.577,-0.600000000000001,-0.600000000000001,1.44395695743617,1.45738175270817,0,1,1,1,1,0
3H2K,N228W,BOG,0.233,0,0,n/a,n/a,0,0,0,n/a,n/a,n/a
1NJE,N229A,DCM,-3.612,-0.2,-0.1,2.86026566478176,n/a,1,1,1,1,n/a,n/a
1THY,N229A,UMP,0.888,-0.3,-0.399999999999999,0.316636094828937,n/a,0,1,1,0,n/a,n/a
1NJE,N229C,DCM,-3.61,-0.1,-0.1,2.59335733245655,n/a,1,1,1,1,n/a,n/a
1THY,N229C,UMP,0.852,-0.3,-0.199999999999999,0.106212803525295,n/a,0,1,1,0,n/a,n/a
1NJE,N229D,DCM,-2.086,0.2,0.2,2.48171590705715,n/a,1,1,1,1,n/a,n/a
1NJE,N229E,DCM,-1.22,-0.7,-0.6,6.56860744425251,n/a,0,1,1,1,n/a,n/a
1NJE,N229G,DCM,-3.37,-0.3,-0.2,2.37519060749605,n/a,1,1,1,1,n/a,n/a
1THY,N229G,UMP,0.477,-0.3,-0.399999999999999,-0.062270639333519,n/a,0,1,1,0,n/a,n/a
1NJE,N229I,DCM,-2.015,-0.1,-0.2,3.59829367868349,n/a,1,1,1,1,n/a,n/a
1THY,N229I,UMP,2.011,-0.600000000000001,0,0.105755458254862,n/a,1,1,0,0,n/a,n/a
1NJE,N229L,DCM,-2.328,-0.2,-0.1,3.7330996316789,n/a,1,1,1,1,n/a,n/a
1NJE,N229M,DCM,-3.527,-1.1,-1.6,3.86043781527235,n/a,1,1,1,1,n/a,n/a
1NJE,N229Q,DCM,0.329,-0.3,-0.2,4.03462678982737,n/a,0,1,1,1,n/a,n/a
1NJE,N229S,DCM,-3.55,-0.2,-0.1,n/a,n/a,1,1,1,n/a,n/a,n/a
1THY,N229S,UMP,0.491,-0.3,-0.199999999999999,n/a,n/a,0,1,1,n/a,n/a,n/a
1NJE,N229T,DCM,-3.82,-0.2,0.100000000000001,n/a,n/a,1,1,1,n/a,n/a,n/a
1NJE,N229V,DCM,-2.104,-0.1,0.100000000000001,n/a,n/a,1,1,1,n/a,n/a,n/a
1NJE,N229W,DCM,-1.449,-0.5,-1,n/a,n/a,1,1,1,n/a,n/a,n/a
3I8A,N30H,N22,-0.531,0,0,n/a,n/a,0,0,0,n/a,n/a,n/a
1W96,N485G,S1A,0.178,0,-0.100000000000001,-0.079228227873045,n/a,0,0,0,0,n/a,n/a
3FS6,N64F,DH1,-2.245,0.199999999999999,n/a,-0.886921820958605,n/a,1,1,n/a,0,n/a,n/a
2W3A,N64F,NDP,0.303,0.1,0,-0.355493324022575,n/a,0,0,0,0,n/a,n/a
2W3A,N64F,NDP,-1.416,0.1,0,n/a,n/a,1,0,0,n/a,n/a,n/a
2W3A,N64F,TOP,0.303,0.1,0,n/a,n/a,0,0,0,n/a,n/a,n/a
2W3A,N64F,TOP,-1.416,0.1,0,n/a,n/a,1,0,0,n/a,n/a,n/a
3FS6,N64S,DH1,-1.364,-0.1,n/a,0.48902341330745,n/a,1,0,n/a,0,n/a,n/a
2W3A,N64S,NDP,0.199,0.1,0,-0.467672573489324,n/a,0,0,0,0,n/a,n/a
2W3A,N64S,NDP,-1.015,0.1,0,-0.467672573489324,n/a,0,0,0,0,n/a,n/a
2W3A,N64S,TOP,0.199,0.1,0,n/a,n/a,0,0,0,n/a,n/a,n/a
2W3A,N64S,TOP,-1.015,0.1,0,n/a,n/a,0,0,0,n/a,n/a,n/a
2DOR,N67A,ORO,0.247,-0.600000000000001,-0.4,2.81561057455178,n/a,0,1,1,1,n/a,n/a
1AMW,N92L,ADP,0.654,-0.100000000000001,1.8,n/a,n/a,0,0,1,n/a,n/a,n/a
1A4H,N92L,GDM,0.19,-1.6,-1.3,n/a,n/a,0,1,1,n/a,n/a,n/a
2H4N,N94C,AZM,6.056,-0.5,-0.399999999999999,-0.792704787230605,0.237116680632292,1,1,1,0,0,0
2H4N,N94D,AZM,6.842,-0.300000000000001,-0.1,-1.90004646695013,0.447664217052951,1,1,1,1,0,0
2H4N,N94E,AZM,7.431,-0.2,-0.8,-2.28671314618714,0.794026968245077,1,1,1,1,0,0
2H4N,N94Q,AZM,2.861,-0.2,-0.5,0.332578497737359,1.49745506168302,1,1,1,0,1,0
1G6S,P101S,GPJ,1.364,0.1,0,0.038082211321807,n/a,1,1,0,0,n/a,n/a
1G6T,P101S,S3P,0.232,0,0,0.103605382765409,n/a,0,0,0,0,n/a,n/a
1KDK,P130G,DHT,0.218,0,0,0.015992969020999,n/a,0,0,0,0,n/a,n/a
2DOR,P131A,ORO,0.191,-0.100000000000001,0.1,0.347510312701502,n/a,0,0,1,0,n/a,n/a
1KDK,P137G,DHT,0.062,0,0,-0.026610773993411,n/a,0,0,0,0,n/a,n/a
1OSS,P190A,BEN,-0.299,-0.100000000000001,-0.1,-0.155551916879062,n/a,0,1,1,0,n/a,n/a
1OSS,P190S,BEN,-0.728,0.1,-0.1,0.471810759534719,n/a,0,1,1,0,n/a,n/a
1OSS,P190V,BEN,1.473,-0.100000000000001,0,1.47976961409358,n/a,1,1,0,1,n/a,n/a
1IYK,P229A,MIM,0.108,0,0.1,-0.230361632182166,n/a,0,0,0,0,n/a,n/a
3FQL,P495L,79Z,-0.27,0,0,0.016277338702366,0.124721108235609,0,0,0,0,0,1
2DOR,P56A,ORO,2.318,0,0,-0.081221011356092,n/a,1,0,0,0,n/a,n/a
2Q2A,Q132L,ARG,1.247,-0.3,0.2,-1.74472313110937,n/a,0,1,1,1,n/a,n/a
1L7E,Q132N,NAI,0.129,-0.199999999999999,-0.199999999999999,1.0815699339754,n/a,0,1,1,0,n/a,n/a
1GZF,Q182A,NAD,0.132,-0.100000000000001,-0.1,0.727124803319953,n/a,0,0,0,0,n/a,n/a
1GZF,Q212A,NAD,0.527,-0.300000000000001,-1.4,-0.393840461075456,n/a,0,1,1,0,n/a,n/a
3OKC,Q22A,GDP,-0.104,0,0,n/a,-0.255594516443085,0,0,0,n/a,0,0
3FS6,Q35K,DH1,-1.968,-0.9,n/a,0.974282944989,n/a,1,1,n/a,0,n/a,n/a
2W3A,Q35K,NDP,0.605,-0.1,0,0.599339153519736,n/a,0,0,0,0,n/a,n/a
2W3A,Q35K,NDP,-1.577,-0.1,0,n/a,n/a,1,0,0,n/a,n/a,n/a
2W3A,Q35K,TOP,0.605,-0.1,0,n/a,n/a,0,0,0,n/a,n/a,n/a
2W3A,Q35K,TOP,-1.577,-0.1,0,n/a,n/a,1,0,0,n/a,n/a,n/a
3FS6,Q35S,DH1,0.249,-0.4,n/a,n/a,n/a,0,1,n/a,n/a,n/a,n/a
2W3A,Q35S,NDP,-0.1,-0.1,0,n/a,n/a,0,0,0,n/a,n/a,n/a
2W3A,Q35S,NDP,-0.655,-0.1,0,n/a,n/a,0,0,0,n/a,n/a,n/a
2W3A,Q35S,TOP,-0.1,-0.1,0,n/a,n/a,0,0,0,n/a,n/a,n/a
2W3A,Q35S,TOP,-0.655,-0.1,0,n/a,n/a,0,0,0,n/a,n/a,n/a
3MI3,Q364R,LYS,3.292,-0.1,0,0.016737143033424,n/a,1,1,0,0,n/a,n/a
2CCC,Q55A,LFN,-1.028,0.100000000000001,0,n/a,n/a,0,1,0,n/a,n/a,n/a
2CC7,Q55A,LUM,1.883,0,0,n/a,n/a,1,0,0,n/a,n/a,n/a
2CCB,Q55A,RBF,-0.941,0,0,n/a,n/a,0,0,0,n/a,n/a,n/a
1L7E,R127A,NAI,2.169,-0.799999999999999,-0.199999999999999,-2.14315588302361,n/a,1,1,1,1,n/a,n/a
1L7E,R127M,NAI,2.169,-1.8,0.1,0.084972771499906,n/a,1,1,0,0,n/a,n/a
3AQT,R145A,RCO,2.111,-0.1,-0.2,0.41096297136545,n/a,1,1,1,0,n/a,n/a
3AQT,R148A,RCO,1.451,-0.1,-0.2,0.18757691318018,n/a,1,1,1,0,n/a,n/a
2JBZ,R15A,COA,0.441,0,0,-1.00719086939836,n/a,0,0,0,0,n/a,n/a
2TDM,R179A,UMP,2.596,0,0,0.02136380048114,n/a,1,0,0,0,n/a,n/a
2TDM,R179K,UMP,2.374,0,0,-0.2152261368675,n/a,1,0,0,0,n/a,n/a
1GZ4,R197Q,ATP,0.631,-0.600000000000001,n/a,n/a,n/a,0,1,n/a,n/a,n/a,n/a
3OKC,R206S,GDP,0.406,-0.600000000000001,-0.100000000000001,n/a,0.239027866383391,0,1,0,n/a,0,0
3OKC,R210S,GDP,0.112,-0.3,-0.2,n/a,0.280723773382551,0,1,1,n/a,0,0
1HK1,R218H,T44,-0.726,-0.300000000000001,0,n/a,n/a,0,1,0,n/a,n/a,n/a
1HK1,R218P,T44,-1.292,0,0,n/a,n/a,0,0,0,n/a,n/a,n/a
2CA8,R21L,GSH,1.518,-0.2,0,-0.49163060041019,n/a,1,1,0,0,n/a,n/a
2C80,R21L,GTX,0.487,0,0,-0.090199217072154,n/a,0,0,0,0,n/a,n/a
2CA8,R21Q,GSH,-0.028,-0.2,-0.100000000000001,0.217444222716892,n/a,0,1,1,0,n/a,n/a
2C80,R21Q,GTX,-0.638,0,0,n/a,n/a,0,0,0,n/a,n/a,n/a
3MI3,R288K,LYS,2.995,-0.100000000000001,0,n/a,n/a,1,1,0,n/a,n/a,n/a
3EIG,R31F,MTX,-3.603,-4.4,n/a,n/a,n/a,1,1,n/a,n/a,n/a,n/a
1P7T,R338K,ACO,1.483,0.4,n/a,0.176988127216873,0.789960613894902,1,1,n/a,0,0,0
1P7T,R338K,ACO,0.278,0.4,n/a,n/a,0.789960613894902,0,1,n/a,n/a,0,0
1P7T,R338K,PYR,1.483,0.4,n/a,n/a,0.789960613894902,1,1,n/a,n/a,0,0
1P7T,R338K,PYR,0.278,0.4,n/a,n/a,0.789960613894902,0,1,n/a,n/a,0,0
2DOR,R50E,ORO,0.684,-0.1,0,-0.020712934736594,n/a,0,0,0,0,n/a,n/a
1GZ4,R542V,ATP,0.814,-0.5,n/a,n/a,n/a,0,1,n/a,n/a,n/a,n/a
2DOR,R57A,ORO,0.703,-0.1,-0.1,0.042030560353396,n/a,0,0,1,0,n/a,n/a
2QFT,S101A,GPJ,0.734,0,0,-0.131070739862935,n/a,0,0,0,0,n/a,n/a
2QFS,S101A,S3P,-0.17,0,0,-0.003614964145299,n/a,0,0,0,0,n/a,n/a
2QFT,S101G,GPJ,0.462,0,0,0.073947049499338,n/a,0,0,0,0,n/a,n/a
2QFS,S101G,S3P,-0.17,-0.100000000000001,0,0.131170008645995,n/a,0,0,0,0,n/a,n/a
3UM8,S108N,1CY,1.241,-1.5,-1.2,0.143976624525294,n/a,0,1,1,0,n/a,n/a
3QGT,S108N,CP6,1.866,-2.1,-1.1,0.298438653320773,n/a,1,1,1,0,n/a,n/a
3UM8,S108T,1CY,0.638,-0.5,0.5,-0.526077258689611,n/a,0,1,1,0,n/a,n/a
3QGT,S108T,CP6,0,-0.9,0,-0.234628625233654,n/a,0,1,0,0,n/a,n/a
2DOR,S129A,ORO,0.678,0,n/a,-0.18525271588112,n/a,0,0,n/a,0,n/a,n/a
1L7E,S138A,NAI,0.158,-0.1,0,-0.132338277363147,n/a,0,0,0,0,n/a,n/a
1TPZ,S172R,GDP,0.161,0.1,0,0.038349397757656,-0.074737481464592,0,0,0,0,0,0
3H2K,S176A,BOG,0.049,0,-0.1,n/a,n/a,0,0,1,n/a,n/a,n/a
2HA3,S203A,CHT,0.768,0,0,n/a,n/a,0,0,0,n/a,n/a,n/a
3OKC,S205G,GDP,-0.049,-0.100000000000001,-0.2,n/a,-0.10505924474011,0,0,1,n/a,0,0
3I73,S238A,ADP,0.869,-0.1,n/a,-0.211646363755108,n/a,0,1,n/a,0,n/a,n/a
1IYK,S241A,MIM,0.667,0,0,-1.21255837927924,n/a,0,0,0,0,n/a,n/a
2PDG,S302R,47D,2.783,0.200000000000001,n/a,n/a,n/a,1,1,n/a,n/a,n/a,n/a
3N0H,S35K,TOP,-0.033,0,n/a,n/a,n/a,0,0,n/a,n/a,n/a,n/a
3RY2,S52G,BTN,0.155,0,0,0.090512097525107,n/a,0,0,0,0,n/a,n/a
3E2Q,S540A,HYP,0.29,-0.100000000000001,0,1.01940101148807,n/a,0,1,0,0,n/a,n/a
3E2R,S540A,TFB,0.984,0,0,0.002634240891666,n/a,0,0,0,0,n/a,n/a
2IKI,T113A,388,0.773,0.5,0.5,n/a,n/a,0,1,1,n/a,n/a,n/a
1US0,T113A,LDT,1.198,0.5,0.9,-1.25968643711224,n/a,0,1,1,0,n/a,n/a
2IKI,T113C,388,0.142,0.5,0.200000000000001,-1.25394727747073,n/a,0,1,1,0,n/a,n/a
1US0,T113C,LDT,-1.523,0.6,0.600000000000001,-0.769903213696352,n/a,1,1,1,0,n/a,n/a
1US0,T113S,LDT,0.994,0.6,-1.4,-0.205926473668569,n/a,0,1,1,0,n/a,n/a
2IKI,T113V,388,1.54,0.600000000000001,-0.399999999999999,n/a,n/a,1,1,1,n/a,n/a,n/a
1US0,T113V,LDT,0.766,0.699999999999999,-0.399999999999999,n/a,n/a,0,1,1,n/a,n/a,n/a
2IKI,T113Y,388,2.063,0.5,-1.6,n/a,n/a,1,1,1,n/a,n/a,n/a
2PDG,T113Y,47D,2.591,-1.1,n/a,n/a,n/a,1,1,n/a,n/a,n/a,n/a
1PWM,T113Y,FID,2.063,0.1,0.199999999999999,n/a,n/a,1,0,1,n/a,n/a,n/a
1IYK,T114A,MIM,-0.675,-0.1,0.1,-0.370738985433491,n/a,0,0,0,0,n/a,n/a
1IYK,T211A,MIM,0.046,-0.1,0,-0.435191128362476,n/a,0,0,0,0,n/a,n/a
1O0N,T45G,U3P,0.489,-0.399999999999999,-0.4,1.00647736081743,n/a,0,1,1,0,n/a,n/a
1W4Q,T45G,UMF,2.07,-0.6,-0.2,2.01767962507557,n/a,1,1,1,1,n/a,n/a
3QFX,T86N,CP6,1.186,-0.8,-0.5,1.17342669961681,n/a,0,1,1,0,n/a,n/a
3RG9,T86N,WRA,0.75,-0.5,0.1,0.929741080326494,n/a,0,1,0,0,n/a,n/a
3QFX,T86S,CP6,-1.448,-0.1,-0.100000000000001,0.288820509276547,n/a,1,0,0,0,n/a,n/a
3RG9,T86S,WRA,-0.119,0,0.199999999999999,n/a,n/a,0,0,1,n/a,n/a,n/a
1G6S,T97I,GPJ,3.379,0,0,n/a,n/a,1,0,0,n/a,n/a,n/a
1G6T,T97I,S3P,0.28,-0.1,4.4,n/a,n/a,0,0,1,n/a,n/a,n/a
1IYK,V108A,MIM,-0.303,-0.1,-0.3,0.92195389657968,n/a,0,0,1,0,n/a,n/a
1AMW,V136M,ADP,1.221,0.2,-1.2,n/a,n/a,0,1,1,n/a,n/a,n/a
2VWC,V136M,BC2,0.399,-0.5,-1.7,-0.125201672227831,n/a,0,1,1,0,n/a,n/a
1A4H,V136M,GDM,0.487,-0.199999999999999,n/a,n/a,n/a,0,1,n/a,n/a,n/a,n/a
1TSL,V316A,A15,1.731,-0.2,n/a,n/a,n/a,1,1,n/a,n/a,n/a,n/a
1TSM,V316A,MR2,1.52,-0.100000000000001,n/a,n/a,n/a,1,1,n/a,n/a,n/a,n/a
2IKI,V47I,388,-0.312,-0.299999999999999,-0.899999999999999,n/a,n/a,0,1,1,n/a,n/a,n/a
2PDG,V47I,47D,1.2,-0.1,n/a,n/a,n/a,0,0,n/a,n/a,n/a,n/a
1PWM,V47I,FID,0.144,0.199999999999999,-0.6,n/a,n/a,0,1,1,n/a,n/a,n/a
1N7J,V53A,IDI,0.698,-0.3,0.1,n/a,n/a,0,1,0,n/a,n/a,n/a
1N7I,V53A,LY1,0.967,-0.1,n/a,n/a,n/a,0,0,n/a,n/a,n/a,n/a
1YZ3,V53A,SKA,1.485,-0.1,-0.8,n/a,n/a,1,0,1,n/a,n/a,n/a
1HNN,V53A,SKF,0.973,0,0,n/a,n/a,0,0,0,n/a,n/a,n/a
3G0E,V560D,B49,-0.897,0,0,-0.000867139153002,1.21704546903157,0,0,0,0,0,0
3AJ5,W176A,NGA,0.425,0,0,n/a,n/a,0,0,0,n/a,n/a,n/a
3AH4,W176A,GAL,0.109,0,0,n/a,n/a,0,0,0,n/a,n/a,n/a
3HY8,W229Q,FMN,-1.724,0,0,-0.254256204970659,0.592189068677008,1,0,0,0,0,0
1IYK,W232A,MIM,0.718,0,0,-0.032114211402586,n/a,0,0,0,0,n/a,n/a
1FLV,W57A,FMN,2.24,-1.6,-1.3,3.81297614450381,n/a,1,1,1,1,n/a,n/a
1FLV,W57F,FMN,2.054,-0.9,-0.700000000000001,3.22090705975859,n/a,1,1,1,1,n/a,n/a
1FLV,W57L,FMN,1.927,-1.1,-1.1,3.22948474152685,n/a,1,1,1,1,n/a,n/a
1FLV,W57Y,FMN,1.516,-3.7,-0.700000000000001,1.55870480501329,n/a,1,1,1,1,n/a,n/a
2AMA,W741L,DHT,2.193,-0.5,-0.6,1.86225956813018,n/a,1,1,1,1,n/a,n/a
1TSL,W82Y,A15,0.211,0,n/a,n/a,n/a,0,0,n/a,n/a,n/a,n/a
1OH0,W92A,EQU,0.467,-0.1,0,0.187715168876821,n/a,0,0,0,0,n/a,n/a
1E2K,Y101F,TMC,0.893,-0.1,0.2,-0.35419559412378,0.582899886842585,0,0,1,0,0,0
1IYK,Y107A,MIM,1.232,-0.199999999999999,0,0.963697363911478,n/a,0,1,0,0,n/a,n/a
2CA8,Y10F,GSH,-0.028,-0.3,-0.100000000000001,n/a,n/a,0,1,1,n/a,n/a,n/a
1IYK,Y119A,MIM,1.062,-0.199999999999999,0,0.282566946517136,n/a,0,1,0,0,n/a,n/a
1QY1,Y120F,PRZ,1.121,-0.1,0,0.244676836049678,0.721660223908193,0,1,0,0,0,0
1SYH,Y187F,CPW,1.266,-0.100000000000001,1.5,0.208972167907746,n/a,0,0,1,0,n/a,n/a
3UJ9,Y19F,PC,-0.087,0.2,0.2,0.066526777958416,n/a,0,1,1,0,n/a,n/a
3UJB,Y19F,SAH,0.248,-0.1,-0.299999999999999,n/a,n/a,0,0,1,n/a,n/a,n/a
1IYK,Y354A,MIM,1.289,-0.199999999999999,-0.199999999999999,0.940951564256238,n/a,0,1,1,0,n/a,n/a
3DGN,Y43F,ADP,1.133,-0.4,n/a,n/a,n/a,0,1,n/a,n/a,n/a,n/a
3DGL,Y43F,ATP,-0.195,-0.2,-0.1,n/a,n/a,0,1,1,n/a,n/a,n/a
2Q88,Y60A,4CS,0.783,-0.9,-0.4,n/a,n/a,0,1,1,n/a,n/a,n/a
2Q89,Y60A,6CS,0.566,-0.7,0.3,n/a,n/a,0,1,1,n/a,n/a,n/a
2Q88,Y60F,4CS,0.161,-0.100000000000001,0.1,n/a,n/a,0,0,1,n/a,n/a,n/a
2Q89,Y60F,6CS,0.467,-0.2,-0.9,n/a,n/a,0,1,1,n/a,n/a,n/a
2Q88,Y60W,4CS,-1.586,-3.6,n/a,n/a,n/a,1,1,n/a,n/a,n/a,n/a
2Q89,Y60W,6CS,-0.675,-8.3,n/a,n/a,n/a,0,1,n/a,n/a,n/a,n/a
1FLV,Y94A,FMN,3.963,-0.800000000000001,-0.9,3.06978545895936,n/a,1,1,1,1,n/a,n/a
1FLV,Y94F,FMN,0.821,-2.2,-0.5,-0.041699043239987,n/a,0,1,1,0,n/a,n/a
2QEH,Y94L,SRO,0.581,-0.7,0.3,n/a,1.37226189373374,0,1,1,n/a,1,1
1FLV,Y94W,FMN,1.514,-2,n/a,-3.03202863757809,n/a,1,1,n/a,1,n/a,n/a
2RDE,L135R,C2E,-0.669,n/a,n/a,1.65566670588146,n/a,0,n/a,n/a,1,n/a,n/a
4B7J,R223I,G39,-2.297,n/a,n/a,-1.28639654046253,n/a,1,n/a,n/a,0,n/a,n/a
1H0A,L6E,I3P,0.229,n/a,n/a,-0.045004897954584,0.731178902388302,0,n/a,n/a,0,0,0
1H0A,L6Q,I3P,-0.108,n/a,n/a,-0.104163826973547,0.732943922027595,0,n/a,n/a,0,0,0
1AKR,A61G,FMN,-0.728,n/a,n/a,0.166500708049682,n/a,0,n/a,n/a,0,n/a,n/a
1AKU,A95D,FMN,-0.786,n/a,n/a,-0.254330014331742,n/a,0,n/a,n/a,0,n/a,n/a
1C7E,E95D,FMN,-0.383,n/a,n/a,-0.371848888916361,n/a,0,n/a,n/a,0,n/a,n/a
1AKW,L61G,FMN,-1.412,n/a,n/a,-0.380280802760069,n/a,1,n/a,n/a,0,n/a,n/a
1AKT,N61G,FMN,-1.535,n/a,n/a,-0.090268429430182,n/a,1,n/a,n/a,0,n/a,n/a
1DLR,F22W,MXA,-0.288,n/a,n/a,1.23354041172269,n/a,0,n/a,n/a,0,n/a,n/a
1DLR,F22Y,MXA,1.991,n/a,n/a,2.05068644761906,n/a,1,n/a,n/a,1,n/a,n/a
2P4T,H67Q,NAP,1.997,n/a,n/a,1.40452522932694,n/a,1,n/a,n/a,1,n/a,n/a
1BF3,K42R,PHB,-0.821,n/a,n/a,0.004702333363184,n/a,0,n/a,n/a,0,n/a,n/a
1NJB,C229W,UMP,2.091,n/a,n/a,1.28815121941898,n/a,1,n/a,n/a,0,n/a,n/a
1YYZ,L54A,AMP,-5.046,n/a,n/a,0.065320764473086,n/a,1,n/a,n/a,0,n/a,n/a
1OSS,P190T,BEN,-1.069,n/a,n/a,0.302161377463676,n/a,0,n/a,n/a,0,n/a,n/a
2JGS,M76N,BTN,-1.684,n/a,n/a,-0.067605654378554,n/a,1,n/a,n/a,0,n/a,n/a
2J27,A168P,PGA,-0.821,n/a,n/a,-0.002930778577365,n/a,0,n/a,n/a,0,n/a,n/a
2V2C,L178A,PGA,-1.217,n/a,n/a,-0.066474907485713,n/a,0,n/a,n/a,0,n/a,n/a
3E6K,A183D,ABH,-4.292,n/a,n/a,0.070085223499973,n/a,1,n/a,n/a,0,n/a,n/a
3E6V,N183D,ABH,-2.003,n/a,n/a,-0.378471438015822,n/a,1,n/a,n/a,0,n/a,n/a
3E9B,A135S,S2C,-2.123,n/a,n/a,0.016214979860479,n/a,1,n/a,n/a,0,n/a,n/a
3E9B,A135T,S2C,-1.434,n/a,n/a,0.339753796281116,n/a,1,n/a,n/a,0,n/a,n/a
3E2S,S540A,PRO,0.977,n/a,n/a,0.012423071859985,n/a,0,n/a,n/a,0,n/a,n/a
3E2Q,S540Y,HYP,0.814,n/a,n/a,3.10213580675918,n/a,0,n/a,n/a,1,n/a,n/a
2V5V,E57W,FMN,-0.821,n/a,n/a,-3.44184874706809,n/a,0,n/a,n/a,1,n/a,n/a
2QFU,L101P,GPJ,-3.025,n/a,n/a,-0.156923197432661,n/a,1,n/a,n/a,0,n/a,n/a
2QFQ,L101P,S3P,-0.303,n/a,n/a,0.2526477586498,n/a,0,n/a,n/a,0,n/a,n/a
1OWB,L109R,NAD,0.191,n/a,n/a,-0.546521029493306,n/a,0,n/a,n/a,0,n/a,n/a
1Z95,L741W,198,0.383,n/a,n/a,2.49123349752017,n/a,0,n/a,n/a,1,n/a,n/a
2OBF,A57K,F83,1.971,n/a,n/a,0.676341128146078,n/a,1,n/a,n/a,0,n/a,n/a
2PZN,C303D,393,2.471,n/a,n/a,3.24296955469845,n/a,1,n/a,n/a,1,n/a,n/a
2PZN,F121P,393,1.104,n/a,n/a,-0.026695421253407,n/a,0,n/a,n/a,0,n/a,n/a
2PZN,L300A,393,0.456,n/a,n/a,1.35156260482597,n/a,0,n/a,n/a,0,n/a,n/a
2PZN,L300P,393,1.416,n/a,n/a,5.61626316699517,n/a,1,n/a,n/a,1,n/a,n/a
1P1N,T138L,KAI,1.478,n/a,n/a,-0.692799574127434,n/a,1,n/a,n/a,0,n/a,n/a
1P1O,T138L,QUS,-3.057,n/a,n/a,-1.21173489514854,n/a,1,n/a,n/a,0,n/a,n/a
1DF8,A45S,BTN,-4.05,n/a,n/a,-0.078430706847087,n/a,1,n/a,n/a,0,n/a,n/a
3HU2,A86R,AGS,1.598,n/a,n/a,-0.039890152968383,n/a,1,n/a,n/a,0,n/a,n/a
3HU1,G95R,AGS,1.14,n/a,n/a,-0.155775319966097,n/a,0,n/a,n/a,0,n/a,n/a
3HU3,H155R,AGS,1.14,n/a,n/a,-0.038714940666751,n/a,0,n/a,n/a,0,n/a,n/a
1B74,D7S,DGN,-0.268,n/a,n/a,0.55901905039309,n/a,0,n/a,n/a,0,n/a,n/a
1B74,E147N,DGN,1.005,n/a,n/a,0.028945594166885,n/a,0,n/a,n/a,0,n/a,n/a
1WCQ,F370Y,DAN,-0.811,n/a,n/a,2.01162246377135,n/a,0,n/a,n/a,1,n/a,n/a
3ZY2,D242A,GDP,-0.805,n/a,n/a,-0.104476541647387,-0.201426677122271,0,n/a,n/a,0,0,0
3ZY2,D244A,GDP,-0.742,n/a,n/a,0.092109849026883,-0.274929817919414,0,n/a,n/a,0,0,0
3ZY2,F199A,GDP,-0.394,n/a,n/a,-0.639519727848779,0.196544501999245,0,n/a,n/a,0,0,0
3ZY2,F261A,GDP,-0.634,n/a,n/a,-0.3118540159644,0.240245284567232,0,n/a,n/a,0,0,0
3ZY2,F357A,GDP,2.573,n/a,n/a,0.768114362600272,0.263115277986164,1,n/a,n/a,0,0,0
3ZY2,N43A,GDP,-0.091,n/a,n/a,-0.848444132069062,-0.594064362192297,0,n/a,n/a,0,0,0
3ZY2,R240K,GDP,3.06,n/a,n/a,-0.575826930920471,0.519981652356147,1,n/a,n/a,0,0,0
3ZY2,R40A,GDP,1.292,n/a,n/a,-0.824905118887273,0.23402946398059,0,n/a,n/a,0,0,0
3ZY2,W245A,GDP,0.9,n/a,n/a,-1.14770908837556,0.165328205054272,0,n/a,n/a,0,0,0
3CL0,Y274H,G39,-3.306,n/a,n/a,-0.032686702983824,n/a,1,n/a,n/a,0,n/a,n/a
3CKZ,Y274H,ZMR,-0.38,n/a,n/a,0.131842803402265,n/a,0,n/a,n/a,0,n/a,n/a
2PQL,E7L,TSS,1.728,n/a,n/a,0.26453740356078,1.7593070412427,1,n/a,n/a,0,1,1
2PQL,H35L,TSS,-2.655,n/a,n/a,0.342208888061691,1.52728595105353,1,n/a,n/a,0,1,1
2JDY,N24G,MMA,-3.098,n/a,n/a,-0.348937443787349,n/a,1,n/a,n/a,0,n/a,n/a
3EEB,C140A,IHP,0.315,n/a,n/a,0.131653710838691,n/a,0,n/a,n/a,0,n/a,n/a
3EEB,D178A,IHP,1.612,n/a,n/a,0.168726406987503,n/a,1,n/a,n/a,0,n/a,n/a
3EEB,D178N,IHP,0.418,n/a,n/a,0.051478195569303,n/a,0,n/a,n/a,0,n/a,n/a
3EEB,D191A,IHP,0.298,n/a,n/a,-0.029939700255,n/a,0,n/a,n/a,0,n/a,n/a
3EEB,E179A,IHP,-0.07,n/a,n/a,0.289996204882073,n/a,0,n/a,n/a,0,n/a,n/a
3EEB,H134A,IHP,0.839,n/a,n/a,-0.52398220901398,n/a,0,n/a,n/a,0,n/a,n/a
3EEB,R182Q,IHP,1.376,n/a,n/a,0.337550983974097,n/a,1,n/a,n/a,0,n/a,n/a
3EEB,R29Q,IHP,1.015,n/a,n/a,-1.38048060166244,n/a,0,n/a,n/a,1,n/a,n/a
3EEB,W192A,IHP,1.168,n/a,n/a,-0.055949896223126,n/a,0,n/a,n/a,0,n/a,n/a
3EEB,W192F,IHP,0.257,n/a,n/a,0.242985273546026,n/a,0,n/a,n/a,0,n/a,n/a
3HY8,W229R,FMN,-2.302,n/a,n/a,-0.479980748521712,n/a,1,n/a,n/a,0,n/a,n/a
4WA9,E292L,AXI,0.03,n/a,n/a,-0.046635272614026,n/a,0,n/a,n/a,0,n/a,n/a
4XEY,E355A,1N1,0.239,n/a,n/a,0.027044072562831,n/a,0,n/a,n/a,0,n/a,n/a
3UE4,E355A,DB8,0.02,n/a,n/a,0.002956523257808,n/a,0,n/a,n/a,0,n/a,n/a
4XEY,E459K,1N1,0.407,n/a,n/a,-0.081617922526107,n/a,0,n/a,n/a,0,n/a,n/a
3UE4,E459K,DB8,0.348,n/a,n/a,-0.012542268205948,n/a,0,n/a,n/a,0,n/a,n/a
4XEY,F317C,1N1,1.849,n/a,n/a,0.184291331277109,n/a,1,n/a,n/a,0,n/a,n/a
3UE4,F317C,DB8,0.497,n/a,n/a,0.822416698557731,n/a,0,n/a,n/a,0,n/a,n/a
4XEY,F317I,1N1,1.779,n/a,n/a,-0.15046314160918,n/a,1,n/a,n/a,0,n/a,n/a
3UE4,F317I,DB8,0.706,n/a,n/a,1.22412588260568,n/a,0,n/a,n/a,0,n/a,n/a
4XEY,F317L,1N1,0.954,n/a,n/a,0,n/a,0,n/a,n/a,0,n/a,n/a
4WA9,F317L,AXI,0.229,n/a,n/a,0.574056976467887,n/a,0,n/a,n/a,0,n/a,n/a
3UE4,F317L,DB8,0.089,n/a,n/a,-0.202035609672066,n/a,0,n/a,n/a,0,n/a,n/a
4WA9,F317R,AXI,0.268,n/a,n/a,1.10014761083357,n/a,0,n/a,n/a,0,n/a,n/a
4XEY,F317V,1N1,2.345,n/a,n/a,0.06876575681008,n/a,1,n/a,n/a,0,n/a,n/a
4WA9,F317V,AXI,0.278,n/a,n/a,1.27948610829901,n/a,0,n/a,n/a,0,n/a,n/a
3UE4,F317V,DB8,1.709,n/a,n/a,1.67661901598319,n/a,1,n/a,n/a,1,n/a,n/a
4XEY,F359C,1N1,0,n/a,n/a,0.05976503619695,n/a,0,n/a,n/a,0,n/a,n/a
3UE4,F359C,DB8,-0.01,n/a,n/a,-0.05057377865387,n/a,0,n/a,n/a,0,n/a,n/a
3OXZ,E255K,0LI,0.407,n/a,n/a,-0.029736141750846,n/a,0,n/a,n/a,0,n/a,n/a
1OPJ,E255K,STI,1.491,n/a,n/a,-0.345643842168897,n/a,1,n/a,n/a,0,n/a,n/a
3OXZ,E255V,0LI,0.994,n/a,n/a,0.043903401372973,n/a,0,n/a,n/a,0,n/a,n/a
1OPJ,E255V,STI,2.206,n/a,n/a,-0.057588243764371,n/a,1,n/a,n/a,0,n/a,n/a
3OXZ,E355A,0LI,0.507,n/a,n/a,0.102402187235043,n/a,0,n/a,n/a,0,n/a,n/a
1OPJ,E355A,STI,0.467,n/a,n/a,-0.082998290731666,n/a,0,n/a,n/a,0,n/a,n/a
3OXZ,E459K,0LI,0.298,n/a,n/a,-0.02211129775219,n/a,0,n/a,n/a,0,n/a,n/a
1OPJ,E459K,STI,0.656,n/a,n/a,0.013753091133481,n/a,0,n/a,n/a,0,n/a,n/a
3OXZ,F317C,0LI,0,n/a,n/a,0.675026439176804,n/a,0,n/a,n/a,0,n/a,n/a
1OPJ,F317C,STI,0.278,n/a,n/a,0.347455086466198,n/a,0,n/a,n/a,0,n/a,n/a
3OXZ,F317I,0LI,0.507,n/a,n/a,0.499333696565941,n/a,0,n/a,n/a,0,n/a,n/a
1OPJ,F317I,STI,0.169,n/a,n/a,0.025780353512005,n/a,0,n/a,n/a,0,n/a,n/a
3OXZ,F317L,0LI,0.169,n/a,n/a,0.166830656762045,n/a,0,n/a,n/a,0,n/a,n/a
1OPJ,F317L,STI,0.716,n/a,n/a,0,n/a,0,n/a,n/a,0,n/a,n/a
3OXZ,F317V,0LI,0.716,n/a,n/a,0.62846892127925,n/a,0,n/a,n/a,0,n/a,n/a
1OPJ,F317V,STI,0.964,n/a,n/a,0.260559255812723,n/a,0,n/a,n/a,0,n/a,n/a
3OXZ,F359C,0LI,0.407,n/a,n/a,-0.100921679357725,n/a,0,n/a,n/a,0,n/a,n/a
1OPJ,F359C,STI,0.765,n/a,n/a,0.066844869469719,n/a,0,n/a,n/a,0,n/a,n/a
3OXZ,F359I,0LI,0.765,n/a,n/a,-0.423261668863347,n/a,0,n/a,n/a,0,n/a,n/a
1OPJ,F359I,STI,0.278,n/a,n/a,-0.012859322444797,n/a,0,n/a,n/a,0,n/a,n/a
3OXZ,F359V,0LI,0.169,n/a,n/a,0.002231059324686,n/a,0,n/a,n/a,0,n/a,n/a
1OPJ,F359V,STI,0.318,n/a,n/a,-0.059536382807437,n/a,0,n/a,n/a,0,n/a,n/a
3CS9,E255K,NIL,1.262,n/a,n/a,0.056110254253667,n/a,0,n/a,n/a,0,n/a,n/a
3CS9,E255V,NIL,2.345,n/a,n/a,0.029994792403613,n/a,1,n/a,n/a,0,n/a,n/a
3CS9,E355A,NIL,0.109,n/a,n/a,-0.053915628432151,n/a,0,n/a,n/a,0,n/a,n/a
3CS9,E459K,NIL,0.547,n/a,n/a,-0.05222867761438,n/a,0,n/a,n/a,0,n/a,n/a
3CS9,F317C,NIL,0.04,n/a,n/a,0.728804403225013,n/a,0,n/a,n/a,0,n/a,n/a
3CS9,F317I,NIL,0.298,n/a,n/a,0.441867407878021,n/a,0,n/a,n/a,0,n/a,n/a
3CS9,F317L,NIL,0.199,n/a,n/a,0.578745278612814,n/a,0,n/a,n/a,0,n/a,n/a
3CS9,F317V,NIL,0.328,n/a,n/a,0.457599375804534,n/a,0,n/a,n/a,0,n/a,n/a
3CS9,F359C,NIL,0.676,n/a,n/a,0.378117219666137,n/a,0,n/a,n/a,0,n/a,n/a
3CS9,F359I,NIL,0.855,n/a,n/a,0.208385382611027,n/a,0,n/a,n/a,0,n/a,n/a
3CS9,F359V,NIL,0.596,n/a,n/a,0.532095623785494,n/a,0,n/a,n/a,0,n/a,n/a
3CS9,G250E,NIL,0.596,n/a,n/a,0.056862405005404,n/a,0,n/a,n/a,0,n/a,n/a
3CS9,H396R,NIL,0.248,n/a,n/a,0.012503007440046,n/a,0,n/a,n/a,0,n/a,n/a
3CS9,L248R,NIL,2.137,n/a,n/a,2.14391301622402,n/a,1,n/a,n/a,1,n/a,n/a
3CS9,L248V,NIL,0.328,n/a,n/a,1.08487526245131,n/a,0,n/a,n/a,0,n/a,n/a
3CS9,M244V,NIL,-0.129,n/a,n/a,-0.01228458628384,n/a,0,n/a,n/a,0,n/a,n/a
3CS9,M351T,NIL,0,n/a,n/a,-0.068000410602963,n/a,0,n/a,n/a,0,n/a,n/a
3CS9,T315A,NIL,0.716,n/a,n/a,0.318492902057301,n/a,0,n/a,n/a,0,n/a,n/a
3CS9,T315I,NIL,3.727,n/a,n/a,4.06067230515339,n/a,1,n/a,n/a,1,n/a,n/a
3CS9,V299L,NIL,0.278,n/a,n/a,1.02807423533648,n/a,0,n/a,n/a,0,n/a,n/a
